"wavelength","k"
260.3,10557.5320452932
260.77,10795.2838297395
261.24,10887.8134459434
261.71,10659.7406480063
262.17,11017.5641840129
262.64,11302.1039650211
263.11,11113.1208191636
263.58,11333.4952726185
264.05,11324.5263275907
264.52,11768.900183116
264.99,11736.4998692029
265.46,11708.2850629695
265.92,12002.0180126313
266.39,12465.226652715
266.86,12521.5815239732
267.33,12688.4039014911
267.8,13098.8826189319
268.27,13148.7723756493
268.74,13560.2227288015
269.2,13806.9434582757
269.67,14035.4647034643
270.14,14584.9994394409
270.61,14751.4481109159
271.08,15013.3039351246
271.55,15326.6190814305
272.01,15597.4438506671
272.48,15935.610448821
272.95,16231.361411114
273.42,16599.6487163197
273.89,16871.7440861019
274.36,17443.4022198139
274.82,17551.6274898165
275.29,17890.0183115961
275.76,18222.6540603162
276.23,18764.7894166449
276.7,19296.0872977316
277.16,19596.2106207257
277.63,20168.2424604806
278.1,20513.3226204268
278.57,21399.9402070331
279.04,21616.5028588512
279.5,22142.8678201726
279.97,22782.2041182406
280.44,23328.524982249
280.91,23655.5925109309
281.38,24591.9130012332
281.84,25427.7813072237
282.31,25671.6618707724
282.78,26141.1114017714
283.25,26995.7397511118
283.72,27178.482006054
284.18,28028.2148062334
284.65,28791.2851750813
285.12,28732.6133263575
285.59,29677.5290556448
286.05,29807.8777233828
286.52,30997.1224634702
286.99,31364.1765387346
287.46,31841.7354908629
287.92,32749.2806158675
288.39,33427.9307896409
288.86,33042.2287828394
289.33,33432.6768563848
289.79,34550.0579244366
290.26,34454.650771703
290.73,34586.2326693823
291.2,34531.4099928996
291.66,34795.881759408
292.13,34552.4496431107
292.6,33978.5492731417
293.07,34894.6522665272
293.53,34301.0949587055
294,34383.534511753
294.47,33735.4908628873
294.93,33284.4650397997
295.4,32419.7839979072
295.87,32574.6477820546
296.34,31608.804514369
296.8,30982.3237041743
297.27,30669.6812287455
297.74,29716.1702604731
298.2,28610.1872267275
298.67,28175.82869315
299.14,27009.7163571135
299.6,26086.4382077058
300.07,25307.2984790164
300.54,24628.4240816174
301.01,23575.2457117232
301.47,22701.9694308457
301.94,22044.1346836578
302.41,21302.0665944168
302.87,20326.6564520348
303.34,19627.714040136
303.81,18730.7821667476
304.27,18039.7249523525
304.74,17432.5273739676
305.21,16715.9834074517
305.67,16067.1176052917
306.14,15542.9948802272
306.61,14785.4553608132
307.07,14306.850031765
307.54,13750.7754400389
308.01,13185.2460854292
308.47,12800.8146791734
308.94,12308.9054150006
309.4,12030.1207070518
309.87,11580.6644493441
310.34,11293.7703202661
310.8,10982.9216338428
311.27,10765.1631226877
311.74,10435.7412459359
312.2,10231.2492993012
312.67,10063.6047684891
313.13,9891.02731791173
313.6,9606.30068388206
314.07,9557.60678650174
314.53,9406.14372734407
315,9177.32351732127
315.47,9120.3333457902
315.93,8999.43944093576
316.4,8953.02515041668
316.86,8808.66250607272
317.33,8734.36974475878
317.8,8570.46227437498
318.26,8463.05915766658
318.73,8434.50801599462
319.19,8316.23005343996
319.66,8330.54299488023
320.13,8164.31854703091
320.59,8106.95466945701
321.06,8050.26346276019
321.52,8060.24141410366
321.99,7931.08860570275
322.45,7930.1169699914
322.92,7872.60361000037
323.39,7813.07223737808
323.85,7748.64531559475
324.32,7724.24231099817
324.78,7616.20389401697
325.25,7629.24623491162
325.71,7578.16061885721
326.18,7551.96382525505
326.64,7534.02593519937
327.11,7412.68358309354
327.58,7291.22911917486
328.04,7197.24204940394
328.51,7169.32620800478
328.97,7061.21304981502
329.44,6948.12960125565
329.9,6837.77420680892
330.37,6712.24634702343
330.83,6689.97346687096
331.3,6512.08939048544
331.76,6433.34952726185
332.23,6266.1160730969
332.69,6097.46253596921
333.16,5930.97649388991
333.62,5778.24283418663
334.09,5614.70906984566
334.56,5385.77674801002
335.02,5277.81307223738
335.49,5146.26854516237
335.95,4995.14182144325
336.42,4691.80462648081
336.88,4604.43215366792
337.35,4491.01236967002
337.81,4364.2512799432
338.28,4264.62124892559
338.74,4108.86057027542
339.2,3947.38218917
339.67,3878.05971822564
340.13,3685.97481221271
340.6,3595.61269105721
341.06,3442.094248664
341.53,3384.09507081729
341.99,3277.3272543817
342.46,3165.96285361934
342.92,3097.27568294779
343.39,2944.65413505736
343.85,2932.32183564408
344.32,2822.45225905303
344.78,2845.92099854255
345.25,2755.85784222131
345.71,2745.46881423073
346.17,2650.77170297844
346.64,2561.75492357712
347.1,2552.5243843193
347.57,2502.11143914197
348.03,2367.61463432864
348.5,2302.47767106394
348.96,2245.4127583243
349.43,2252.28894951231
349.89,2261.29526514444
350.35,2140.77506633282
350.82,2195.26140737696
351.28,2081.61739975335
351.75,2131.95560372211
352.21,2054.336858627
352.67,2040.28551141672
353.14,2032.47505512164
353.6,1981.91262752719
354.07,1997.45879890878
354.53,1874.32265779738
355,1836.69045928473
355.46,1849.65805897081
355.92,1908.47939011174
356.39,1771.10504876864
356.85,1870.84719159909
357.31,1724.72812885384
357.78,1690.64613774805
358.24,1706.2670503382
358.71,1626.44343959042
359.17,1625.6212862962
359.63,1607.23494898913
360.1,1617.36238274973
360.56,1549.57210658096
361.03,1528.98090362121
361.49,1570.53701558354
361.95,1541.23846182593
362.42,1523.67427781307
362.88,1453.26805934452
363.34,1451.17530550469
363.81,1485.25729661049
364.27,1432.49000336335
364.73,1445.79393848799
365.2,1457.4161964199
365.66,1502.85885122762
366.12,1436.22706379162
366.59,1396.35262902201
367.05,1370.90324750551
367.51,1454.65077170298
367.98,1424.67954706828
368.44,1380.28326918046
368.9,1371.98699502971
369.37,1388.46743151837
369.83,1390.03699689824
370.29,1378.41473896633
370.76,1392.31660375948
371.22,1355.13285249823
371.68,1375.42509062372
372.15,1351.88160992563
372.61,1376.80780298217
373.07,1371.83751261258
373.54,1365.7461041145
374,1399.30490676034
374.46,1375.57457304085
374.92,1351.43316267424
375.39,1362.00904368624
375.85,1393.43772188796
376.31,1358.72043050936
376.78,1381.85283456033
377.24,1331.81359542584
377.7,1396.76370566912
378.16,1435.14331626742
378.63,1396.76370566912
379.09,1444.41122612953
379.55,1399.30490676034
380.01,1444.74756156807
380.48,1399.11805373893
380.94,1391.08337381815
381.4,1406.74165701259
381.87,1432.11629732053
382.33,1436.04021077021
382.79,1417.99020890168
383.25,1476.66205762547
383.72,1478.56795844389
384.18,1413.91681303487
384.64,1472.14021450727
385.1,1486.60263836466
385.56,1458.76153817407
386.03,1475.61568070556
386.49,1495.75843641392
386.95,1535.63287118353
387.41,1498.18752569229
387.88,1505.13845808887
388.34,1557.49467468889
388.8,1530.69995141821
389.26,1534.54912365933
389.72,1589.22231772488
390.19,1518.66661683919
390.65,1525.72966104862
391.11,1545.05026346276
391.57,1532.49374042378
392.04,1558.87738704735
392.5,1590.45554766621
392.96,1571.2844276692
393.42,1529.13038603834
393.88,1585.89633394372
394.34,1541.83639149445
394.81,1574.31144661609
395.27,1617.17552972832
395.73,1616.46548824695
396.19,1570.42490377069
396.65,1562.91341230988
397.12,1587.35378751074
397.58,1556.56040958182
398.04,1520.57251765761
398.5,1572.62976942337
398.96,1487.23793863747
399.42,1502.4851451848
399.89,1515.26589184947
400.35,1422.99786987556
400.81,1469.59901341605
401.27,1437.5724055458
401.73,1429.05190776935
402.19,1406.92851003401
402.65,1437.68451735865
403.12,1369.67001756418
403.58,1387.68264882843
404.04,1302.88874771105
404.5,1282.74599200269
404.96,1278.56048432303
405.42,1258.7914346575
405.88,1187.48832168616
406.34,1248.92559512687
406.81,1193.84132441422
407.27,1205.46358234613
407.73,1202.36182219066
408.19,1205.79991778467
408.65,1089.09152060989
409.11,1154.49007810456
409.57,1144.66160917822
410.03,1062.93209761202
410.49,1110.28065323816
410.96,1124.70570649127
411.42,1093.27702828955
411.88,1049.85238611308
412.34,1032.43768451736
412.8,1010.50113980343
413.26,997.1972046788
413.72,1022.49710377817
414.18,971.560970140887
414.64,1023.24451586382
415.1,1050.74928061587
415.56,1014.8735005045
416.02,975.783848424829
416.48,996.599275010277
416.95,972.15889980941
417.41,1005.90455547666
417.87,995.366045068949
418.33,961.209312754587
418.79,941.141298254792
419.25,986.023393998281
419.71,942.038192757577
420.17,987.929294816697
420.63,933.741918606824
421.09,997.869875555888
421.55,935.049889756717
422.01,1014.013976606
422.47,1003.28861317687
422.93,988.153518442393
423.39,956.612728427819
423.85,1040.88344108524
424.31,995.067080234688
424.77,1005.26925520386
425.23,993.385403041967
425.69,1063.64213909339
426.15,1003.36335438544
426.61,1010.575881012
427.07,1067.64079375164
427.53,1004.78343734818
427.99,1018.87215516275
428.45,1043.9852012407
428.91,1061.10093800217
429.37,1085.31708957734
429.83,1017.22784857431
430.29,1114.27930789641
430.75,1142.60622594267
431.21,1071.82630143129
431.67,1150.7530176763
432.13,1148.84711685788
432.59,1147.91285175081
433.05,1104.03976232296
433.51,1158.63821517994
433.97,1128.55487873239
434.43,1156.80705557009
434.89,1177.17403490414
435.35,1148.73500504503
435.81,1219.66441197354
436.27,1179.60312418252
436.73,1203.07186367204
437.19,1216.89898725662
437.65,1185.02186180351
438.11,1172.87641541164
438.57,1230.98770507119
439.03,1252.66265555514
439.48,1269.03098023095
439.94,1240.29298553758
440.4,1285.77301094959
440.86,1265.4807728241
441.32,1243.58159871445
441.78,1277.3272543817
442.24,1325.08688665496
442.7,1273.62756455772
443.16,1299.26379909563
443.62,1328.82394708322
444.08,1346.53761351321
444.54,1357.82353600658
444.99,1383.42239994021
445.45,1413.09465974065
445.91,1404.31256773422
446.37,1358.57094809223
446.83,1423.74528196121
447.29,1435.06857505886
447.75,1409.50708172951
448.21,1439.25408273852
448.67,1497.21588998094
449.12,1491.87189356852
449.58,1506.85750588587
450.04,1505.84849957024
450.5,1516.83545722934
450.96,1576.8900183116
451.42,1582.64509137113
451.88,1618.9319481296
452.34,1599.3123808812
452.79,1584.32676856385
453.25,1569.30378564221
453.71,1639.26155685937
454.17,1644.23184722897
454.63,1695.20535147053
455.09,1690.57139653948
455.55,1658.32056504354
456,1752.27026421017
456.46,1727.08247692365
456.92,1716.46922530737
457.38,1740.94697111252
457.84,1807.31716431855
458.3,1770.5444897044
458.75,1759.25856721103
459.21,1843.34242684704
459.67,1828.16996150828
460.13,1805.52337531298
460.59,1857.31903284876
461.04,1868.15650809074
461.5,1877.87286520423
461.96,1856.04843230315
462.42,1905.56448297769
462.88,1925.55775626892
463.33,1875.18218169588
463.79,1952.61407376957
464.25,1928.95848125864
464.71,1979.5209088531
465.17,1956.0147987593
465.62,1997.30931649165
466.08,2036.77267461415
466.54,2012.96759968609
467,2055.94379461116
467.46,2050.18872155163
467.91,2050.41294517732
468.37,2096.97671811353
468.83,2105.94566314137
469.29,2170.22310250757
469.74,2110.31802384245
470.2,2187.86202772899
470.66,2162.22579319108
471.12,2190.32848761164
471.57,2246.12279980567
472.03,2260.24888822452
472.49,2268.50779177099
472.95,2235.99536604507
473.4,2306.73791995217
473.86,2314.92208229007
474.32,2306.28947270077
474.78,2359.57995440786
475.23,2347.50924922456
475.69,2421.24145147427
476.15,2387.42105459845
476.6,2403.00459658433
477.06,2452.70750028028
477.52,2440.48731267985
477.98,2498.71071415225
478.43,2509.54818939422
478.89,2558.57842221309
479.35,2559.28846369446
479.8,2524.19746627303
480.26,2533.46537613513
480.72,2560.03587578011
481.18,2614.74644044994
481.63,2608.72977316043
482.09,2557.34519227176
482.55,2655.36828730521
483,2676.2958257035
483.46,2690.12294928809
483.92,2674.68888971935
484.37,2706.90235061101
484.83,2729.66104861916
485.29,2729.39945438918
485.74,2714.97440113607
486.2,2749.13113345043
486.66,2771.59086662431
487.11,2785.11902537464
487.57,2771.06767816436
488.03,2833.85029335924
488.48,2844.9493628312
488.94,2849.91965320079
489.4,2893.045330543
489.85,2943.7198699503
490.31,2950.85765536829
490.77,2922.86707276057
491.22,2962.96573115587
491.68,2965.2827086214
492.13,2984.82753466124
492.59,2969.95403415673
493.05,3031.72764303599
493.5,3056.09327702829
493.96,3006.61459695803
494.42,3014.16345902313
494.87,3043.87308942786
495.33,3082.14058821331
495.78,3076.1239209238
496.24,3063.67950969767
496.7,3071.34048357562
497.15,3130.19918532083
497.61,3143.91419709257
498.06,3091.96905713965
498.52,3070.92940692851
498.98,3125.67734220262
499.43,3147.31492208229
499.89,3142.64359654696
500.34,3192.57072386861
500.8,3159.75933330842
501.25,3197.3167906125
501.71,3192.08490601293
502.17,3191.9354235958
502.62,3193.24339474569
503.08,3233.19257072387
503.53,3211.96606749131
503.99,3186.92776262192
504.44,3228.63335700138
504.9,3241.18988004036
505.36,3230.65136963265
505.81,3219.85126499496
506.27,3220.86027131059
506.72,3277.43936619455
507.18,3209.27538398296
507.63,3261.85582420868
508.09,3272.8054112635
508.54,3318.13595425838
509,3260.13677641167
509.45,3290.40696588064
509.91,3245.26327590717
510.36,3325.49796330206
510.82,3298.85272244852
511.27,3311.74558092604
511.73,3325.1989984678
512.19,3316.23005343996
512.64,3320.22870809821
513.1,3347.17291378602
513.55,3379.90956313764
514.01,3324.563698195
514.46,3337.68078029822
514.92,3374.22923128667
515.37,3390.89652079674
515.83,3409.65656414664
516.28,3399.15542434321
516.73,3372.73440711536
517.19,3481.37075376509
517.64,3439.81464180276
518.1,3489.03172764303
518.55,3500.01868530214
519.01,3473.26133263575
519.46,3492.28297021563
519.92,3522.9642363317
520.37,3532.94218767517
520.83,3559.36320490302
521.28,3536.71661870772
521.74,3587.652752345
522.19,3644.45607085467
522.65,3635.18816099256
523.1,3664.37460293733
523.55,3677.11797899772
524.01,3659.51642438058
524.46,3746.8141559849
524.92,3746.8141559849
525.37,3771.1797899772
525.83,3796.47968907657
526.28,3858.88859822863
526.73,3896.44605553272
527.19,3883.59056765948
527.64,3907.35827198326
528.1,3988.00403602526
528.55,4044.2094248664
529.01,4100.97537277178
529.46,4163.75798796666
529.91,4114.31667850069
530.37,4169.17672558765
530.82,4214.91834522964
531.28,4199.93273291229
531.73,4302.70189468964
532.18,4369.74475877275
532.64,4350.57363877574
533.09,4480.06278261519
533.54,4533.76434096939
534,4513.09839680108
534.45,4599.947681154
534.91,4656.15306999514
535.36,4700.026159423
535.81,4726.37243544228
536.27,4785.26850779177
536.72,4842.52027355282
537.17,4834.63507604918
537.63,4968.38446877686
538.08,5036.58582159274
538.54,5053.40259351994
538.99,5159.64722149557
539.44,5250.98097836242
539.9,5215.29205127247
540.35,5337.04548002541
540.8,5371.46380656975
541.26,5459.02313240405
541.71,5534.13804701222
542.16,5616.87656489405
542.62,5726.18558242087
543.07,5821.06954669457
543.52,5885.68332149931
543.98,5909.45102582309
544.43,6086.2513546844
544.88,6083.22433573751
545.34,6168.16771927202
545.79,6251.50416682238
546.24,6316.86535371277
546.69,6426.21174184386
547.15,6544.26548077283
547.6,6640.4947868007
548.05,6717.32874920588
548.51,6802.94480361748
548.96,6882.09574348817
549.41,6964.23633170149
549.86,7067.30445831309
550.32,7183.00384917224
550.77,7308.86804439628
551.22,7410.77768227512
551.68,7536.45502447775
552.13,7584.51362158526
552.58,7712.50794125341
553.03,7804.85070443589
553.49,7931.46231174558
553.94,8016.36832467581
554.39,8074.33013191823
554.84,8218.20695840652
555.3,8407.63855151538
555.75,8505.25056990172
556.2,8608.28132590904
556.65,8756.00732463844
557.11,8768.82544190739
557.56,8895.66127284278
558.01,9010.16480436489
558.46,9129.67599686087
558.92,9242.01203333458
559.37,9389.51380843828
559.82,9494.15150042976
560.27,9624.83650360626
560.72,9740.349041444
561.18,9812.47430770956
561.63,9966.29171493704
562.08,10030.8681191375
562.53,10206.3978474532
562.99,10370.2679472327
563.44,10430.7335849621
563.89,10564.7072013154
564.34,10676.9311259763
564.79,10798.385589895
565.25,10912.3659329571
565.7,11014.9108711088
566.15,11207.6684479988
566.6,11282.7459920027
567.05,11377.443103255
567.5,11553.1596845921
567.96,11725.7745057738
568.41,11829.7021562839
568.86,11938.0395380993
569.31,12121.1928696887
569.76,12298.8900930528
570.21,12476.1762397698
570.67,12511.4914608169
571.12,12674.913113345
571.57,12864.7184124967
572.02,12980.7541387944
572.47,13188.3104749804
572.92,13330.1692888374
573.37,13413.2441421578
573.83,13660.1890952577
574.28,13826.7498785455
574.73,14028.6258828805
575.18,14167.4576777906
575.63,14400.9118427445
576.08,14580.2160020928
576.53,14798.8714077507
576.98,14986.3223588325
577.44,15177.8840763855
577.89,15392.0550095295
578.34,15589.7455061848
578.79,15716.2076310774
579.24,16006.5024851452
579.69,16306.7005493479
580.14,16584.1399155424
580.59,16739.0784408984
581.04,17025.3372697036
581.49,17248.3276654583
581.95,17501.9619567248
582.4,17698.9797825031
582.85,18053.4025935199
583.3,18375.3877200194
583.75,18686.9090773198
584.2,18929.3321873015
584.65,19216.7868754438
585.1,19586.4195224037
585.55,19817.8930453305
586,20129.4517732352
586.45,20421.9888635599
586.9,20819.1262752719
587.35,21063.9411039276
587.8,21469.6737546246
588.25,21849.8449119922
588.71,22121.6039463358
589.16,22358.5709480922
589.61,22768.6012182817
590.06,23282.6338801898
590.51,23504.9516050674
590.96,23930.3411936171
591.41,24435.8533577488
591.86,24674.7636309279
592.31,25076.5349975709
592.76,25496.6179603124
593.21,26036.3242273628
593.66,26316.1926828357
594.11,26876.1911880115
594.56,27243.3573750888
595.01,27558.3168279831
595.46,28014.1634590231
595.91,28431.256773422
596.36,28813.8196494637
596.81,29319.7802608468
597.26,29731.230613999
597.71,30504.3910460032
598.16,30862.9246234912
598.61,31220.1502298292
599.06,31243.9926753616
599.51,31734.4818565716
599.96,32199.5963974738
600.41,32602.4141410367
600.86,33228.8575806271
601.31,33806.71923465
601.76,33988.3777420681
602.21,33879.5919130012
602.65,34494.3383534512
603.1,35188.9831458575
603.55,35084.5323068874
604,35736.9483164543
604.45,36063.6421390934
604.9,36133.6746515191
605.35,36750.1401397661
605.8,37305.654172428
606.25,36865.6153069995
606.7,37478.9042938824
607.15,37417.6538734631
607.6,38579.31910759
608.05,38041.6308531709
608.5,38463.6197167308
608.95,37948.5406779028
609.39,38839.904331253
609.84,38972.7194588736
610.29,39015.9572480287
610.74,38734.0707799245
611.19,39188.4973280018
611.64,39190.776934863
612.09,38844.1645801413
612.54,39112.8218543294
612.99,39068.2760940244
613.44,38676.1089726821
613.88,38697.0365110804
614.33,39101.1995963975
614.78,39290.7059307149
615.23,39091.4084980754
615.68,38102.4328263388
616.13,38561.1196233043
616.58,38470.6080197317
617.03,37899.659927501
617.47,38524.197466273
617.92,38098.0230950334
618.37,38270.6379162151
618.82,37481.893942225
619.27,37600.7324638439
619.72,37946.7842595015
620.17,37641.5411637206
620.61,37540.3415673231
621.06,37955.5663515079
621.51,37091.5953510968
621.96,36734.7434508016
622.41,36926.9030980231
622.86,36429.1266489779
623.3,36217.7211405508
623.75,36208.0421540416
624.2,36413.2441421578
624.65,35899.4357038753
625.1,36133.5999103105
625.54,35896.1844613027
625.99,36000.6353002728
626.44,35810.3068126612
626.89,35583.7662094996
627.34,35605.2169363579
627.78,35692.2904443365
628.23,35474.0461153257
628.68,35296.535744983
629.13,35524.8327665458
629.58,35354.7965170597
630.02,35346.9486901603
630.47,35420.5687805972
630.92,35511.1551253784
631.37,35925.1840502261
631.81,35426.6601890953
632.26,36238.3497141149
632.71,35970.0661459696
633.16,36313.5019993273
633.61,35908.6288725289
634.05,36046.6385141448
634.5,36066.5570462274
634.95,36439.852012407
635.4,36325.4232220935
635.84,36899.2862214582
636.29,37137.7106767816
636.74,37222.7288015247
637.18,37682.050898763
637.63,37868.3433611121
638.08,37590.567659479
638.53,37299.3759109085
638.97,38387.1220897642
639.42,38349.5272618558
639.87,38791.0983220599
640.32,38915.392951904
640.76,39687.5817481968
641.21,40525.2064725887
641.66,39951.3808438282
642.1,40286.7072760567
642.55,40737.2099106843
643,40916.9251466796
643.44,40828.6557793639
643.89,41533.2411525095
644.34,41732.7254381703
644.79,41607.6460256362
645.23,42373.1081131582
645.68,42563.2123771442
646.13,43474.5319331814
646.57,42989.9099368437
647.02,43625.9576217347
647.47,44432.6768563848
647.91,44976.1201838634
648.36,45759.1464553982
648.81,45178.1456706155
649.25,46273.4407115363
649.7,44980.7167681901
650.15,46484.7714787548
650.59,47955.8653163422
651.04,48440.7489069098
651.48,47955.2300160693
651.93,48097.2009417392
652.38,48605.9643484435
652.82,47952.800926791
653.27,47515.9385627266
653.72,47396.6889644606
654.16,48506.8201352816
654.61,49117.8668859076
655.06,49450.3157816062
655.5,49267.9098621025
655.95,49742.6286483052
656.39,50760.2675735267
656.84,51039.7623229568
657.29,50473.2239620315
657.73,49015.6582831944
658.18,49866.1384954595
658.62,51843.6787622856
659.07,50816.2861093464
659.52,51296.4983743787
659.96,51208.6027131059
660.41,52354.1985873912
660.85,53637.1688030195
661.3,51072.0131544527
661.74,50940.4686273777
662.19,49774.7673679884
662.64,54842.40816174
663.08,50621.2862961994
663.53,50594.9026495759
663.97,52558.428939796
664.42,52641.0179752607
664.86,51752.4944878359
665.31,51618.8198363168
665.75,51228.3717627714
666.2,52919.8400538137
666.65,50838.1105422475
667.09,53051.7956575358
667.54,53102.5449381517
667.98,50238.5365671363
668.43,50631.3763593557
668.87,50915.0192458612
669.32,51582.6450913711
669.76,49367.5398931201
670.21,49889.9061997833
670.65,49609.6640382675
671.1,49057.0649127396
671.54,48378.2652565492
671.99,47290.8927837363
672.43,47971.9346761837
672.88,47192.9070593071
673.32,47158.8250682014
673.77,46535.8570948092
674.21,44843.2676856385
674.66,44381.7780933518
675.1,43388.8785081655
675.55,44288.0899884151
675.99,42636.9819499981
676.44,41747.225232632
676.88,40960.5740124818
677.33,40453.4549123659
677.77,38842.1839381143
678.22,38784.8200605404
678.66,37414.0289248477
679.11,36544.3028513771
679.55,35185.6945326806
679.99,34345.3417541762
680.44,33606.7117605292
680.88,32455.5476662058
681.33,31060.3161553122
681.77,30292.6865727419
682.22,29520.9088530962
682.66,28411.5250943608
683.11,27354.3854404126
683.55,26316.6411300871
683.99,25490.9002578572
684.44,24511.5288314212
684.88,23657.984229605
685.33,22768.900183116
685.77,22005.9792966852
686.21,21210.99443178
686.66,20473.7097798871
687.1,19543.5928098957
687.55,18838.2226540603
687.99,18130.4234089465
688.44,17378.638962592
688.88,16826.2266900856
689.32,16144.5494973654
689.77,15541.2384618259
690.21,14903.0606524908
690.65,14352.7411338241
691.1,13797.2271011622
691.54,13259.6135879517
691.99,12800.627826152
692.43,12291.1543779663
692.87,11795.4333121567
693.32,11377.2562502336
693.76,10962.7788781345
694.2,10501.4387682649
694.65,10173.4369744759
695.09,9770.20815426585
695.53,9430.35987891924
695.98,9019.69430845697
696.42,8715.87129563885
696.86,8419.93348032438
697.31,8106.76781643559
697.75,7838.70847191599
698.19,7547.66620576255
698.64,7306.28947270077
699.08,7062.59576217348
699.52,6820.69584065175
699.97,6599.05078665122
700.41,6398.22115923614
700.85,6211.7792144699
701.3,5980.94099181584
701.74,5857.76748010015
702.18,5611.42045666878
702.63,5497.44011360664
703.07,5255.16648604208
703.51,5169.55043163048
703.96,4956.50061661497
704.4,4847.07948727531
704.84,4658.05897081356
705.28,4570.94809223065
705.73,4441.34683657835
706.17,4284.35292798685
706.61,4141.59721962704
707.06,4107.21626368698
707.5,3982.47318659143
707.94,3865.2042303524
708.38,3801.41260884188
708.83,3723.71912253821
709.27,3615.19488770133
709.71,3572.81662244479
710.15,3450.91371127471
710.6,3328.97342950035
711.04,3276.6919541089
711.48,3258.30561680182
711.92,3157.70395007287
712.37,3099.89162524758
712.81,3037.22112186554
713.25,2929.70589334429
713.69,2895.51179042565
714.13,2867.25961358795
714.58,2788.33289734295
715.02,2766.8821704847
715.46,2687.13330094548
715.9,2647.55783101013
716.35,2626.63029261183
716.79,2577.48794798012
717.23,2521.54415336896
717.67,2448.03617474495
718.11,2391.56919167383
718.56,2401.80873724728
719,2380.54486341044
719.44,2346.46287230465
719.88,2231.80985836541
720.32,2297.28315706865
720.76,2175.23076348145
721.21,2175.23076348145
721.65,2168.72827833626
722.09,2065.84700474607
722.53,2061.47464404499
722.97,2031.9144960574
723.41,1969.31873388393
723.86,1931.23808811988
724.3,1918.08363541238
724.74,1939.31013864494
725.18,1878.91924212415
725.62,1851.4144773721
726.06,1861.87824657125
726.5,1800.70256736051
726.95,1811.27844837251
727.39,1793.78900556822
727.83,1758.21219029112
728.27,1703.61373743413
728.71,1655.55514032662
729.15,1703.05317836989
729.59,1613.13950446579
730.03,1617.2129003326
730.48,1553.34653761351
730.92,1583.76620949961
731.36,1552.97283157069
731.8,1532.34425800665
732.24,1479.46485294667
732.68,1439.5156769685
733.12,1448.70884562203
733.56,1425.53907096678
734,1466.38514144774
734.44,1446.01816211368
734.89,1369.07208789566
735.33,1398.14641802758
735.77,1364.81183900744
736.21,1364.51287417318
736.65,1294.5924735603
737.09,1318.84599573975
737.53,1329.98243581599
737.97,1301.39392353974
738.41,1298.4790164057
738.85,1270.60054561082
739.29,1257.59557532045
739.73,1180.27579505961
740.17,1195.44826039837
740.61,1136.66429986173
741.05,1196.56937852685
741.49,1189.3568519003
741.93,1222.766172129
742.37,1174.78231623005
742.81,1158.86243880564
743.26,1138.08438282447
743.7,1145.25953884674
744.14,1150.49142344632
744.58,1111.77547740947
745.02,1110.16854142531
745.46,1150.97724130199
745.9,1100.22796068612
746.34,1092.52961620389
746.78,1078.32878657648
747.22,1042.07930042229
747.66,1070.2941066557
748.1,966.777532792705
748.54,1007.21252662656
748.98,1004.89554916103
749.42,1043.31253036362
749.86,994.768115400426
750.29,1007.3246384394
750.73,1043.08830673792
751.17,995.777121716058
751.61,1022.45973317389
752.05,994.618632983295
752.49,978.848237976008
752.93,936.582084532307
753.37,981.464180275795
753.81,1003.73706042827
754.25,894.614895922867
754.69,937.74057326507
755.13,876.228558615793
755.57,918.793676893755
756.01,875.21955230016
756.45,933.629806793976
756.89,838.596360103143
757.33,981.875256922904
757.77,888.187151986248
758.21,882.394708322434
758.64,801.89842669756
759.08,900.743675025225
759.52,833.177622482155
759.96,873.649986920288
760.4,872.454127583243
760.84,873.463133898875
761.28,865.092118539557
761.72,843.267685638477
762.16,841.287043611495
762.6,794.162711611047
763.03,830.187974139542
763.47,828.805261781083
763.91,808.62513546844
764.35,765.349975709107
764.79,838.14791285175
765.23,769.834448223028
765.67,779.999252587914
766.11,744.833513957921
766.54,794.872753092417
766.98,761.313950446579
767.42,711.797899772039
767.86,737.845210957061
768.3,753.540864755783
768.74,746.515191150641
769.17,811.577413206771
769.61,772.114055084271
770.05,734.743450801599
770.49,710.863634664973
770.93,721.290033259838
771.37,734.145521133077
771.8,695.205351470533
772.24,676.183713890654
772.68,791.883104749804
773.12,763.070368847864
773.56,679.584438880377
774,681.079263051683
774.43,720.729474195598
774.87,686.684853694084
775.31,680.89241003027
775.75,689.898725662394
776.19,717.702455248701
776.62,667.364251279943
777.06,662.84240816174
777.5,717.926678874397
777.94,730.221607683396
778.37,660.787024926193
778.81,716.768190141634
779.25,700.213012444411
779.69,651.705968085504
780.13,733.285997234575
780.56,641.279569490638
781,680.481333383161
781.44,699.652453380171
781.88,632.75907171419
782.31,658.245823834971
782.75,695.765910534773
783.19,681.266116073097
783.63,734.780821405882
784.06,664.000896894503
784.5,601.554617138159
784.94,720.243656339923
785.37,694.644792406294
785.81,646.175118651668
786.25,652.303897754027
786.69,700.175641840128
787.12,673.493030382301
787.56,614.148510781419
788,645.50244777458
788.43,646.100377443103
788.87,663.701932060241
789.31,654.807728240966
789.75,654.359280989574
790.18,713.255353339063
790.62,724.728128853843
791.06,639.597892297918
791.49,606.338054486341
791.93,670.764976269666
792.37,669.531746328338
792.8,603.38577674801
793.24,611.719421503045
793.68,624.64965058485
794.11,612.429462984416
794.55,610.523562166
794.99,665.832056504353
795.42,672.820359505213
795.86,593.407825404537
796.3,622.669008557868
796.73,611.756792107328
797.17,624.014350312044
797.61,650.099032101349
798.04,620.912590156583
798.48,640.793751634964
798.91,625.994992339026
799.35,664.113008707351
799.79,633.805448634104
800.22,770.170783661572
800.66,696.625434433275
801.1,643.447064539034
801.53,570.275421353563
801.97,673.567771590867
802.4,573.489293321873
802.84,667.812698531335
803.28,574.946746888897
803.71,616.727082476924
804.15,617.437123958294
804.58,619.006689338167
805.02,648.71631974289
805.46,649.874808475653
805.89,586.867969655069
806.33,571.508651294892
806.76,624.64965058485
807.2,544.751298628499
807.63,528.046638514145
808.07,568.930079599387
808.51,656.750999663665
808.94,645.950895025973
809.38,632.460106879928
809.81,657.461041145035
810.25,643.222840913338
810.68,627.639298927463
811.12,641.204828282073
811.55,665.682574087223
811.99,605.814866026383
812.42,706.864980006727
812.86,686.572741881236
813.29,644.23184722897
813.73,646.511454090212
814.17,650.80907358272
814.6,641.503793116335
815.04,634.814454949737
815.47,674.987854553608
815.91,664.37460293733
816.34,545.685563735565
816.78,672.558765275234
817.21,631.750065398558
817.65,608.617661347584
818.08,590.679771291901
818.52,616.876564894054
818.95,575.395194140289
819.39,691.841997085093
819.82,699.540341567323
820.25,629.918905788707
820.69,581.486602638365
821.12,668.074292761314
821.56,582.047161702605
821.99,587.465899323592
822.43,645.577188983146
822.86,625.21020964909
823.3,697.223364101798
823.73,529.6535744983
824.17,603.049441309466
824.6,614.260622594267
825.04,563.885048021226
825.47,587.652752345005
825.9,736.01405134721
826.34,589.072835307747
826.77,616.913935498337
827.21,616.241264621249
827.64,603.012070705183
828.08,576.030494413095
828.51,550.992189543705
828.94,590.530288874771
829.38,615.680705557009
829.81,571.62076310774
830.25,565.903060652491
830.68,620.053066258081
831.11,564.520348294032
831.55,716.543966515939
831.98,574.348817220374
832.42,599.46186329833
832.85,599.686086924026
833.28,559.512687320154
833.72,604.693747897903
834.15,672.035576815277
834.58,631.899547815688
835.02,687.245412758324
835.45,626.293957173287
835.88,689.487649015284
836.32,569.378526850779
836.75,593.333084195971
837.19,522.328936058896
837.62,589.558653163422
838.05,490.676034231473
838.49,509.473448185657
838.92,634.403378302627
839.35,538.136701670466
839.79,580.851302365559
840.22,602.750476475204
840.65,614.709069845659
841.09,578.160618857207
841.52,615.157517097051
841.95,643.148099704772
842.39,623.678014873501
842.82,611.719421503046
843.25,647.370977988714
843.68,656.452034829403
844.12,602.152546806682
844.55,528.607197578385
844.98,672.222429836691
845.42,535.221794536418
845.85,575.245711723158
846.28,693.561044882096
846.71,556.074591726148
847.15,653.910833738182
847.58,514.481109159535
848.01,650.39799693561
848.45,712.993759109085
848.88,696.176987181883
849.31,643.633917560447
849.74,617.885571209686
850.18,629.657311558728
850.61,623.939609103479
851.04,635.038678575432
851.47,653.387645278224
851.91,671.288164729623
852.34,620.800478343734
852.77,687.095930341193
853.2,633.020665944168
853.64,768.376994656003
854.07,620.837848948017
854.5,654.209798572443
854.93,753.615605964348
855.36,733.92129750738
855.8,654.7329870324
856.23,662.057625471804
856.66,733.323367838858
857.09,584.737845210957
857.52,682.57408722299
857.96,718.150902500093
858.39,700.997795134347
858.82,580.813931761277
859.25,642.811764266228
859.68,713.965394820434
860.12,718.636720355768
860.55,672.371912253821
860.98,522.702642101722
861.41,555.028214806233
861.84,496.842183938114
862.27,644.568182667513
862.71,631.040023917187
863.14,592.06248365036
863.57,613.027392652939
864,596.434844351433
864.43,717.029784371613
864.86,620.202548675212
865.3,501.924586120557
865.73,521.992600620352
866.16,674.053589446541
866.59,582.607720766845
867.02,438.656153069995
867.45,666.841062819985
867.88,598.789192421241
868.31,482.94031914496
868.75,684.330505624276
869.18,632.796442318472
869.61,661.945513658956
870.04,575.507305953137
870.47,666.61683919429
870.9,721.962704136926
871.33,654.097686759594
871.76,701.857319032849
872.19,610.635673978848
872.62,669.531746328338
873.06,526.962890989947
873.49,574.498299637505
873.92,596.733809185694
874.35,611.009380021675
874.78,483.799843043462
875.21,710.901005269255
875.64,637.280914832392
876.07,684.81632347995
876.5,612.691057214395
876.93,611.831533315894
877.36,694.271086363466
877.79,505.923240778803
878.22,594.229978698755
878.65,557.681527710303
879.08,530.662580813932
879.51,646.660936507343
879.94,674.688889719346
880.37,602.713105870922
880.8,609.252961620389
881.23,671.960835606712
881.67,690.085578683807
882.1,547.030905489741
882.53,563.137635935573
882.96,636.907208789566
883.39,586.905340259352
883.82,604.693747897903
884.25,479.875929593781
884.68,509.884524832766
885.11,594.940020180126
885.54,587.652752345005
885.97,486.079449904705
886.39,590.418177061923
886.82,653.910833738182
887.25,675.922119660674
887.68,617.063417915467
888.11,515.751709705146
888.54,539.257819798946
888.97,660.226465861953
889.4,524.272207481595
889.83,638.551515378003
890.26,541.27583243021
890.69,652.154415336896
891.12,616.166523412683
891.55,582.159273515452
891.98,553.496020030644
892.41,538.435666504728
892.84,484.024066669158
893.27,595.463208640083
893.7,549.235771142419
894.13,583.39250345678
894.56,662.879778766022
894.98,552.001195859337
895.41,541.948503307298
895.84,482.716095519265
896.27,504.577899024627
896.7,506.670652864456
897.13,497.103778168092
897.56,513.322620426772
897.99,628.01300497029
898.42,555.999850517583
898.85,399.865465824582
899.27,540.341567323144
899.7,498.860196569378
